date,region,B.1.1.7,Other
2020-10-01,East of England,0,40.6306139255727
2020-10-01,London,0.600387275451679,77.6942577049827
2020-10-01,Midlands,0,97.2414356628838
2020-10-01,North East and Yorkshire,0,400.924718535256
2020-10-01,North West,0,148.176481915602
2020-10-01,South East,0,28.7609180079328
2020-10-01,South West,0,17.723313054882
2020-10-02,East of England,0,1.80460936911859
2020-10-02,London,0,7.58302560138605
2020-10-02,Midlands,0,13.3049392427785
2020-10-02,North East and Yorkshire,0,181.5269628429
2020-10-02,North West,0,99.9328981701169
2020-10-02,South East,0,0.6411942509007
2020-10-02,South West,0,2.37932389718845
2020-10-03,East of England,0,29.8132810860835
2020-10-03,London,0,64.8037565571667
2020-10-03,Midlands,0,28.3382476249513
2020-10-03,North East and Yorkshire,0,69.4701627591588
2020-10-03,North West,0,21.6049850462343
2020-10-03,South East,0,32.5574292713287
2020-10-03,South West,0,52.1179719261095
2020-10-04,East of England,0,9.63614406530707
2020-10-04,London,0,21.9153245045405
2020-10-04,Midlands,0,32.5046012670033
2020-10-04,North East and Yorkshire,0,43.6594035655807
2020-10-04,North West,0,27.1361458571895
2020-10-04,South East,0,9.7982964373158
2020-10-04,South West,0,4.98325834866497
2020-10-05,East of England,0,22.3611427669976
2020-10-05,London,0,43.8915615486364
2020-10-05,Midlands,0,251.440891118124
2020-10-05,North East and Yorkshire,0,323.566342994609
2020-10-05,North West,0,338.535421049957
2020-10-05,South East,0,42.8287311252949
2020-10-05,South West,0,48.0845843332841
2020-10-06,East of England,0,51.6548499183444
2020-10-06,London,0,85.2351506014311
2020-10-06,Midlands,0,151.471393672018
2020-10-06,North East and Yorkshire,0,156.166900984875
2020-10-06,North West,0,307.825836274773
2020-10-06,South East,0,89.564073988291
2020-10-06,South West,0,55.3218048241522
2020-10-07,East of England,0,1.9128568463873
2020-10-07,London,0,12.8049751453155
2020-10-07,Midlands,0,129.08503901511
2020-10-07,North East and Yorkshire,0,404.895875970042
2020-10-07,North West,0,309.758836835297
2020-10-07,South East,0,6.48190370180383
2020-10-07,South West,0,8.19035197075487
2020-10-08,East of England,0,7.37085974237425
2020-10-08,London,0.554846363758024,12.1786780579194
2020-10-08,Midlands,0,49.1889872648656
2020-10-08,North East and Yorkshire,0,68.9878493993654
2020-10-08,North West,0,144.69618921324
2020-10-08,South East,0,21.4566359138918
2020-10-08,South West,0,16.0962272763216
2020-10-09,East of England,0,14.9545578368214
2020-10-09,London,0,29.2524368993435
2020-10-09,Midlands,0,78.9182081600908
2020-10-09,North East and Yorkshire,0,88.2547246562159
2020-10-09,North West,0,106.529699079119
2020-10-09,South East,0,13.8234332228296
2020-10-09,South West,0,17.8374168307502
2020-10-10,East of England,0,6.16749491557001
2020-10-10,London,0,7.0513287587012
2020-10-10,Midlands,0,27.0148847962704
2020-10-10,North East and Yorkshire,0,48.9184885325385
2020-10-10,North West,0,62.368780450217
2020-10-10,South East,0,6.31519067891085
2020-10-10,South West,0,31.726091345255
2020-10-11,East of England,0,60.4309272068191
2020-10-11,London,0,50.2561027213271
2020-10-11,Midlands,0,37.1225902890668
2020-10-11,North East and Yorkshire,0,27.9500546411134
2020-10-11,North West,0,58.8122731421756
2020-10-11,South East,2.27057294486382,77.5795967534055
2020-10-11,South West,0,49.0488773341149
2020-10-12,East of England,0,7.46362415352237
2020-10-12,London,0,38.0751304026266
2020-10-12,Midlands,0,197.806600769955
2020-10-12,North East and Yorkshire,0,267.000886569208
2020-10-12,North West,0,538.364057623437
2020-10-12,South East,0,12.2237128112592
2020-10-12,South West,0,15.8311232201692
2020-10-13,East of England,0,27.9886781287468
2020-10-13,London,0,67.0594806493834
2020-10-13,Midlands,0,26.7578727264252
2020-10-13,North East and Yorkshire,0,54.9482819955596
2020-10-13,North West,0,46.1538969774716
2020-10-13,South East,0,65.016522054508
2020-10-13,South West,0,25.4933862795488
2020-10-14,East of England,0,22.0043320413998
2020-10-14,London,0,27.4474109803817
2020-10-14,Midlands,0,130.125303216829
2020-10-14,North East and Yorkshire,0,203.780549006435
2020-10-14,North West,0,266.285203017366
2020-10-14,South East,0,22.3000580019901
2020-10-14,South West,0,7.90658725769976
2020-10-15,East of England,0,79.8617110127739
2020-10-15,London,0,232.676916586932
2020-10-15,Midlands,0,134.036557322023
2020-10-15,North East and Yorkshire,0,285.115908318348
2020-10-15,North West,0,426.493469165657
2020-10-15,South East,1.5512777915653,95.8963156791272
2020-10-15,South West,0,3.53559045185834
2020-10-16,East of England,0,20.1685674965369
2020-10-16,London,0,44.9814163281807
2020-10-16,Midlands,0,97.445825040064
2020-10-16,North East and Yorkshire,0,38.9021741488751
2020-10-16,North West,0,204.423820099243
2020-10-16,South East,0,23.3050339863089
2020-10-16,South West,0,12.9660403437463
2020-10-17,East of England,0,0.442935619915326
2020-10-17,London,0,4.70357650148181
2020-10-17,Midlands,0,60.804721610283
2020-10-17,North East and Yorkshire,0,158.96782386416
2020-10-17,North West,0,278.438160932342
2020-10-17,South East,0,0.917142551586829
2020-10-17,South West,0,1.38826092571418
2020-10-18,East of England,0,1.33942252169985
2020-10-18,London,0,2.98929610305672
2020-10-18,Midlands,0,13.2536357836415
2020-10-18,North East and Yorkshire,0,89.5744641995217
2020-10-18,North West,0,69.136086632829
2020-10-19,East of England,0,21.1457093763864
2020-10-19,London,0,28.6817016092572
2020-10-19,Midlands,0,164.667172022753
2020-10-19,North East and Yorkshire,0,177.910160900527
2020-10-19,North West,0,250.364353668646
2020-10-19,South East,0,15.7383183542556
2020-10-19,South West,0,5.86719415077069
2020-10-20,East of England,0,17.5950519541752
2020-10-20,London,0,42.7466373104018
2020-10-20,Midlands,0,128.135019264643
2020-10-20,North East and Yorkshire,0,347.81291856924
2020-10-20,North West,0,210.729855406667
2020-10-20,South East,0,18.7228344847659
2020-10-20,South West,0,19.8704287540852
2020-10-21,East of England,1.84537580083785,134.204083803252
2020-10-21,London,1.83901268116707,422.08244725178
2020-10-21,Midlands,0,345.496752400822
2020-10-21,North East and Yorkshire,0,230.072843807194
2020-10-21,North West,0,256.678312036816
2020-10-21,South East,8.9191743396805,202.046562318714
2020-10-21,South West,0,57.8247846769693
2020-10-22,East of England,0,68.2325775856864
2020-10-22,London,0.556261764281355,137.360488461972
2020-10-22,Midlands,0,276.683775288169
2020-10-22,North East and Yorkshire,0,391.629211045606
2020-10-22,North West,0,432.501814227072
2020-10-22,South East,5.20566111130817,94.3936651834479
2020-10-22,South West,0,86.8320050010413
2020-10-23,East of England,0,46.9550455958075
2020-10-23,London,0.525721462343266,54.985402655086
2020-10-23,Midlands,0,90.6503345705165
2020-10-23,North East and Yorkshire,0,170.327859341151
2020-10-23,North West,0,48.3731902523338
2020-10-23,South East,5.73037787266841,59.9849777891562
2020-10-23,South West,0,9.45620833867105
2020-10-24,East of England,0,25.2414396609087
2020-10-24,London,0.737489329538523,100.508681564035
2020-10-24,Midlands,0,61.2290810513308
2020-10-24,North East and Yorkshire,0,67.537787519563
2020-10-24,North West,0,57.7211192928804
2020-10-24,South East,2.06461893731285,70.4299953774684
2020-10-24,South West,0,184.60023652178
2020-10-25,East of England,0,8.27295938955671
2020-10-25,London,0.601820359219186,14.08184829976
2020-10-25,Midlands,0,38.4674971971869
2020-10-25,North East and Yorkshire,0,48.9683243472305
2020-10-25,North West,0,47.8193519687206
2020-10-25,South East,0,17.0949152615635
2020-10-25,South West,0,10.3130933317604
2020-10-26,East of England,0,6.19797934932275
2020-10-26,London,0,9.59043027168374
2020-10-26,Midlands,0.542385485096786,226.247731632623
2020-10-26,North East and Yorkshire,0,303.730563188177
2020-10-26,North West,0,184.724066508694
2020-10-26,South East,0.537149125695353,25.0337342959196
2020-10-26,South West,0,61.5774982566969
2020-10-27,East of England,0,1.72757591439191
2020-10-27,London,0,6.53020158826728
2020-10-27,Midlands,0,14.630717026462
2020-10-27,North East and Yorkshire,0,99.1636959254525
2020-10-27,North West,0,189.685503746084
2020-10-27,South East,0,3.56665687313599
2020-10-27,South West,0,17.7781549875304
2020-10-28,East of England,0,1.73051893631141
2020-10-28,London,0,1.04912220892179
2020-10-28,Midlands,0,18.0577762965585
2020-10-28,North East and Yorkshire,0,30.1441789172694
2020-10-28,North West,0,11.7572503594772
2020-10-28,South West,0,7.73966504752694
2020-10-29,East of England,0.999975820040651,21.8674412671337
2020-10-29,London,1.87152280994709,102.986092980325
2020-10-29,Midlands,0,314.945451293842
2020-10-29,North East and Yorkshire,0,114.551102041732
2020-10-29,North West,0,33.6561024544445
2020-10-29,South East,7.64641041859782,108.805478961746
2020-10-29,South West,0,20.836311509247
2020-10-30,East of England,0.369491579753465,78.8384758331715
2020-10-30,London,1.1681197504038,38.691960227291
2020-10-30,Midlands,0,174.284065672269
2020-10-30,North East and Yorkshire,0.76934454061284,434.99801643239
2020-10-30,North West,0,23.2016680614611
2020-10-30,South East,0.830826761196619,45.1180694243228
2020-10-30,South West,0,1.62692264747721
2020-10-31,East of England,0.618909797281389,44.5222461553696
2020-10-31,London,1.26277563477574,18.8846474995326
2020-10-31,Midlands,0,37.1085680181055
2020-10-31,North East and Yorkshire,0,40.7954823261242
2020-10-31,North West,0,93.658417773944
2020-10-31,South East,1.45145399423151,13.2592786655191
2020-10-31,South West,0,8.85164077644024
2020-11-01,East of England,0.582978975786201,85.5256323038
2020-11-01,London,7.0365183068286,116.717166307294
2020-11-01,Midlands,1.02687053882785,228.954955565285
2020-11-01,North East and Yorkshire,0,124.545662653218
2020-11-01,North West,0,591.089190148356
2020-11-01,South East,15.2310908052073,92.7406109331805
2020-11-01,South West,0,119.864189255274
2020-11-02,East of England,4.73209420214529,125.85446773402
2020-11-02,London,7.08587171880002,176.396342300457
2020-11-02,Midlands,1.00571329754318,255.767574404866
2020-11-02,North East and Yorkshire,0,908.567073429965
2020-11-02,North West,1.30147459634468,230.999673068248
2020-11-02,South East,13.4966902362457,73.1379916301117
2020-11-02,South West,0,104.427550685075
2020-11-03,East of England,1.72236447148321,40.6235788251874
2020-11-03,London,0,21.2791281553109
2020-11-03,Midlands,0,45.7587818044324
2020-11-03,North East and Yorkshire,0,260.076449854442
2020-11-03,North West,0,76.115254053174
2020-11-03,South East,1.61630086710631,12.8408844119581
2020-11-03,South West,0.60356227966589,27.4728725647161
2020-11-04,East of England,0,2.10907460918036
2020-11-04,London,0.619580140923981,7.91909513646501
2020-11-04,Midlands,0,142.99896980371
2020-11-04,North East and Yorkshire,0,521.740915436169
2020-11-04,North West,0,292.154714608262
2020-11-04,South East,0,14.1999486279138
2020-11-04,South West,0,1.64664695135053
2020-11-05,East of England,2.2974153022223,149.771947256431
2020-11-05,London,13.4895944522838,217.036962397546
2020-11-05,Midlands,2.12559175028695,536.895192943111
2020-11-05,North East and Yorkshire,0,15.7427421608953
2020-11-05,North West,0,7.28284894239639
2020-11-05,South East,26.7433998875507,189.193319305129
2020-11-05,South West,0,5.8994007940013
2020-11-06,East of England,3.14744559382941,49.2527671326219
2020-11-06,London,1.44322639552139,63.6828962173899
2020-11-06,Midlands,1.48566716846455,246.816408720295
2020-11-06,North East and Yorkshire,0,40.9181829750759
2020-11-06,North West,0,68.610025865704
2020-11-06,South East,13.4318537716015,103.199246289291
2020-11-06,South West,0,1.96976096493053
2020-11-07,East of England,0,0.967889275849147
2020-11-07,London,0,1.90754136225329
2020-11-07,Midlands,0,23.7691106450611
2020-11-07,North East and Yorkshire,0,12.7733300469254
2020-11-07,North West,0,559.333788501948
2020-11-07,South West,0,4.7333848680738
2020-11-08,East of England,6.98726418554989,120.83233585127
2020-11-08,London,16.0005203049405,218.317431057685
2020-11-08,Midlands,4.4822742932551,342.383378555529
2020-11-08,North East and Yorkshire,0,432.698359597307
2020-11-08,North West,0.759626453907473,172.475693718226
2020-11-08,South East,42.7247931216715,144.731478203009
2020-11-08,South West,0,25.5838555099702
2020-11-09,East of England,5.57913357698596,47.7037081521338
2020-11-09,London,6.07826496398544,66.1603634269703
2020-11-09,Midlands,4.72454831585421,161.753158040499
2020-11-09,North East and Yorkshire,0,21.0689823455066
2020-11-09,North West,0.855000077038828,321.286452254256
2020-11-09,South East,8.29886397646476,35.5757101297379
2020-11-09,South West,0,25.5011432471827
2020-11-10,East of England,0,5.38875636859409
2020-11-10,London,0.975137902314915,9.11388778661718
2020-11-10,Midlands,1.89125638987138,62.226723204788
2020-11-10,North East and Yorkshire,0,62.3213164480794
2020-11-10,North West,0,156.849225982059
2020-11-10,South East,6.43670958466739,4.1922983516507
2020-11-10,South West,0,26.9162619372356
2020-11-11,East of England,3.66644437445832,12.1787658491151
2020-11-11,London,4.30755176145814,11.8562097833968
2020-11-11,Midlands,5.29800812069644,48.0686831681251
2020-11-11,North East and Yorkshire,1.27571890197902,845.944779821423
2020-11-11,North West,0,22.5587897710386
2020-11-11,South East,12.26748303249,12.8687930428755
2020-11-12,East of England,18.5632641143488,71.9897589381454
2020-11-12,London,11.7936392108426,83.2999472411068
2020-11-12,Midlands,7.06752936373974,208.567056393911
2020-11-12,North East and Yorkshire,0,29.6486882025722
2020-11-12,North West,0.75402187043664,503.477624425071
2020-11-12,South East,49.0450794833475,133.164131066542
2020-11-12,South West,6.21060458366605,286.390185332302
2020-11-13,East of England,15.461160689529,84.2621438857916
2020-11-13,London,35.4999105326008,241.388305624514
2020-11-13,Midlands,2.67353020314598,752.825537434681
2020-11-13,North East and Yorkshire,0,45.4155074141602
2020-11-13,North West,0,30.4797573709232
2020-11-13,South East,58.2855771008239,155.165692584182
2020-11-13,South West,2.48785060534001,22.0604276890025
2020-11-14,East of England,7.01874761068422,76.8483413620723
2020-11-14,London,24.1298909492323,113.476384232536
2020-11-14,Midlands,1.81032031518542,485.303378433741
2020-11-14,North East and Yorkshire,3.04888618913105,597.275728609994
2020-11-14,North West,1.24269730023051,46.2323386381622
2020-11-14,South East,33.5245347988359,164.84220583399
2020-11-14,South West,11.2626103005453,234.266869200947
2020-11-15,East of England,13.144291053129,84.0667141004352
2020-11-15,London,13.3962894482962,106.447586984728
2020-11-15,Midlands,1.31514509375154,320.056054213487
2020-11-15,North East and Yorkshire,0,9.47307187464864
2020-11-15,North West,1.1373110087474,145.576248084459
2020-11-15,South East,32.617570008973,25.0055537961005
2020-11-16,East of England,0.611449903548192,2.42582809549884
2020-11-16,London,0.594548036295641,1.41933707714054
2020-11-16,Midlands,0,5.3730924501613
2020-11-16,North East and Yorkshire,0,1.20324513657489
2020-11-16,South East,0,1.94446793668393
2020-11-16,South West,0,3.28055454877222
2020-11-17,East of England,6.89410530883112,33.5248098921126
2020-11-17,London,14.9898927055932,74.7004035983649
2020-11-17,Midlands,2.33864692228724,398.719287717713
2020-11-17,North East and Yorkshire,0,2.77130106701763
2020-11-17,South East,35.1428098678251,30.8550903499763
2020-11-17,South West,0,11.0517379823417
2020-11-18,East of England,9.37286581150614,52.6717521390388
2020-11-18,London,16.4805511048701,56.742097470893
2020-11-18,Midlands,6.51878974568012,601.927402902602
2020-11-18,North East and Yorkshire,2.56985346113732,618.104058526928
2020-11-18,North West,0,9.12978888212844
2020-11-18,South East,29.0949245411763,92.5416185483645
2020-11-18,South West,2.2043169214041,39.5612027037181
2020-11-19,East of England,10.6456172746768,23.0077934131551
2020-11-19,London,23.4562034078782,57.5931301542642
2020-11-19,Midlands,0,35.480900817374
2020-11-19,North East and Yorkshire,0,21.4975763909338
2020-11-19,North West,0,0.981013860830589
2020-11-19,South East,14.5890726958056,60.2009223191972
2020-11-19,South West,0,13.274531655461
2020-11-20,East of England,4.85995321458311,38.439766233977
2020-11-20,London,2.91746302238278,10.58645394441
2020-11-20,Midlands,7.92929549298429,181.194303639007
2020-11-20,North East and Yorkshire,0,86.5242292765018
2020-11-20,North West,0,167.604831813872
2020-11-20,South East,6.15012969921425,44.1797998970072
2020-11-20,South West,3.32719884327666,123.166564097497
2020-11-21,East of England,26.6050491148423,52.3219303050368
2020-11-21,London,18.2050807089297,55.1464411616001
2020-11-21,Midlands,0,35.5408858611363
2020-11-21,North East and Yorkshire,0,61.5682044483051
2020-11-21,North West,2.46609492919597,187.174490420082
2020-11-21,South East,43.5472123004847,45.0285630681641
2020-11-21,South West,0,73.7267586900778
2020-11-22,East of England,35.2922602980029,81.8809929920469
2020-11-22,London,43.2568685966377,107.197124192319
2020-11-22,Midlands,0,55.2629312580275
2020-11-22,North East and Yorkshire,0,82.111144121645
2020-11-22,North West,0,255.651147291202
2020-11-22,South East,106.903743852472,75.7533473440159
2020-11-22,South West,13.3056109281533,199.141305468086
2020-11-23,East of England,10.0974306398076,33.0992876514763
2020-11-23,London,0.838573929367325,0.664178018349836
2020-11-23,Midlands,1.83469059398561,78.8767963304885
2020-11-23,North East and Yorkshire,0,7.32809023797242
2020-11-23,North West,3.44429061037012,376.033508347841
2020-11-23,South East,0,13.5567851222445
2020-11-23,South West,0,4.65631819714969
2020-11-24,East of England,0,2.41526100805153
2020-11-24,London,0.504381750322932,4.3475548938213
2020-11-24,Midlands,1.10013262761684,42.6404232725004
2020-11-24,North East and Yorkshire,0,3.43918170103833
2020-11-24,North West,0,1.56926083626146
2020-11-24,South East,1.43762139660275,12.3813479692298
2020-11-25,East of England,0,8.15535819811074
2020-11-25,Midlands,0,26.9363073307502
2020-11-25,North East and Yorkshire,1.86464958765839,228.465226545455
2020-11-25,North West,0,7.96631400900029
2020-11-25,South East,2.02350341067209,1.58203319773961
2020-11-26,East of England,3.6135456871992,13.9652722761684
2020-11-26,London,19.6996775203607,36.8810039233556
2020-11-26,Midlands,2.81209066641267,25.9340792487974
2020-11-26,North East and Yorkshire,3.90648106203917,187.962564644805
2020-11-26,North West,0,0.460912925588995
2020-11-26,South East,38.3756721425779,15.6563757258942
2020-11-27,East of England,7.89687840603529,35.2733405852271
2020-11-27,London,18.5149276523765,32.7002815077539
2020-11-27,Midlands,1.029052733746,80.33932842068
2020-11-27,North East and Yorkshire,3.39497030528525,152.19921132257
2020-11-27,North West,0,15.334389025657
2020-11-27,South East,36.1647679949011,7.06939607664503
2020-11-28,East of England,8.72177074758314,19.124467961321
2020-11-28,London,10.6452449581276,10.1912242757459
2020-11-28,Midlands,0,6.10031384282329
2020-11-28,South East,43.540395472965,26.3278465840282
2020-11-28,South West,5.05985885646925,0
2020-11-29,East of England,6.39947200487882,15.5414148239623
2020-11-29,London,7.92448814876346,6.48568697401943
2020-11-29,Midlands,0,18.4058159629179
2020-11-29,North East and Yorkshire,0,0.833802533047943
2020-11-29,South East,33.3571061755041,23.1896454734755
2020-11-30,East of England,0,2.56794216797829
2020-11-30,London,4.05697452591649,16.2205029468655
2020-11-30,Midlands,0,5.45469158468283
2020-11-30,North East and Yorkshire,1.21604426581349,26.4348204824057
2020-11-30,North West,0,0.633619825873333
2020-11-30,South East,21.6422160951955,5.38051678437849
2020-12-01,East of England,10.4669078854007,31.1301176784362
2020-12-01,London,10.3493218709467,39.8887111086069
2020-12-01,Midlands,2.05436097223426,9.2787959564392
2020-12-01,North West,0.55187143699145,10.7173428153196
2020-12-01,South East,33.6793521543098,15.6251339851596
2020-12-01,South West,0,3.71727989927691
2020-12-02,East of England,7.74474359045716,8.12660876052159
2020-12-02,London,11.7716633874045,23.7231812556004
2020-12-02,Midlands,12.4825242929838,86.2369845684636
2020-12-02,North East and Yorkshire,0.193692526155822,14.0407905996048
2020-12-02,North West,0,3.77900535767458
2020-12-02,South East,12.0924742202619,4.98855101114319
2020-12-02,South West,7.62459868516494,4.67887355563454
2020-12-03,East of England,5.37423204690721,13.4627234921772
2020-12-03,London,0.920245311704286,7.44512537971776
2020-12-03,Midlands,0,66.1360405736999
2020-12-03,North East and Yorkshire,0,2.8973417265918
2020-12-03,North West,0.234431416395111,44.3970079129901
2020-12-03,South East,33.5441599965518,10.3357741249068
2020-12-03,South West,1.43496022458291,2.70644409587388
2020-12-04,East of England,19.1361543861565,12.3229269462815
2020-12-04,London,57.8646005538465,39.2458661941477
2020-12-04,Midlands,9.45945976409128,60.5223809126656
2020-12-04,North East and Yorkshire,0,0.882040172450838
2020-12-04,North West,2.33398159366661,12.4947775136593
2020-12-04,South East,43.3221787424454,12.8235591331804
2020-12-04,South West,2.98026776612805,29.4898578867727
2020-12-05,East of England,6.80016578832456,15.4503003863314
2020-12-05,London,18.407110699562,16.6875124095644
2020-12-05,Midlands,0.941244178813163,34.1982050851576
2020-12-05,North East and Yorkshire,2.96723215428996,82.6640494733434
2020-12-05,North West,2.60167030042022,12.063247883038
2020-12-05,South East,41.2955892722392,6.06913219013899
2020-12-05,South West,0,7.07794500608604
2020-12-06,East of England,5.51162465829051,14.0253222677723
2020-12-06,London,16.6193533289275,19.0581396352144
2020-12-06,Midlands,11.225893159703,126.930037369999
2020-12-06,North East and Yorkshire,5.33714290952317,96.7247561749683
2020-12-06,North West,2.7049550087616,78.0432289533421
2020-12-06,South East,11.5974887857568,7.96189343632841
2020-12-06,South West,1.55827664415754,24.8483013817352
2020-12-07,East of England,70.4375389581632,34.1690600239946
2020-12-07,London,56.023339878468,26.1100560486378
2020-12-07,Midlands,15.9932411406832,138.712136271045
2020-12-07,North East and Yorkshire,2.61404390770848,88.3958632997859
2020-12-07,North West,0.470541406727062,9.76447699523553
2020-12-07,South East,139.664703135518,30.2740380991839
2020-12-07,South West,0,25.0224161435834
2020-12-08,East of England,18.6352080719464,15.8280897728768
2020-12-08,London,36.7134648173693,32.3497202025931
2020-12-08,Midlands,3.24172622465611,17.875213813114
2020-12-08,North East and Yorkshire,0,0.364792323264018
2020-12-08,North West,0,0.529537243447769
2020-12-08,South East,102.144120864289,36.4893891145924
2020-12-08,South West,18.991358911206,25.2364448801281
2020-12-09,East of England,62.2630286274888,22.5707388475545
2020-12-09,London,3.92242137530803,7.95242966326968
2020-12-09,Midlands,23.5194047663787,116.672290138076
2020-12-09,North East and Yorkshire,0,9.66943287564943
2020-12-09,North West,4.51216472533462,85.9354788228395
2020-12-09,South East,42.263959597838,49.6272060031104
2020-12-09,South West,3.66883163038439,32.8910481716197
2020-12-10,East of England,150.309758178263,92.4067698601996
2020-12-10,London,351.713333675529,149.29894304181
2020-12-10,Midlands,48.0200544485756,280.813224869038
2020-12-10,North East and Yorkshire,0,10.510105665642
2020-12-10,North West,14.1335033892183,170.23430320675
2020-12-10,South East,240.697505144163,95.7270150956885
2020-12-10,South West,27.6034737410371,72.6866821659201
2020-12-11,East of England,59.1891757429549,42.757818849048
2020-12-11,London,101.68874392868,52.2644670949837
2020-12-11,Midlands,9.87301733764988,67.6439721674597
2020-12-11,North East and Yorkshire,73.7591553267479,437.837630877619
2020-12-11,North West,8.29703712158301,33.2492760136119
2020-12-11,South East,103.463069198263,52.758973582737
2020-12-11,South West,0.286376545857474,11.0864236389238
2020-12-12,East of England,28.2814644629988,8.19969866397299
2020-12-12,London,56.690846341345,33.2012019258549
2020-12-12,Midlands,25.9895435149263,158.386446674079
2020-12-12,North East and Yorkshire,9.43950140601617,82.3554613467503
2020-12-12,North West,8.81876963126243,42.8997168244564
2020-12-12,South East,96.2488934915203,34.5001126323641
2020-12-12,South West,5.45589859642362,4.54461143709832
2020-12-13,East of England,96.7443374384806,38.5018920099374
2020-12-13,London,198.042206393137,70.5569447762491
2020-12-13,Midlands,40.1315094997529,140.41307904103
2020-12-13,North East and Yorkshire,2.99852680159606,16.0101311001548
2020-12-13,North West,5.30124708370639,38.110058256104
2020-12-13,South East,176.445394570162,75.2899661812563
2020-12-13,South West,2.80692987801426,17.285006368514
2020-12-14,East of England,121.558073486775,52.5512027345771
2020-12-14,London,209.351684159339,64.9759264520073
2020-12-14,Midlands,23.2585340724882,63.9469676246917
2020-12-14,North East and Yorkshire,19.9649312356367,115.461636187111
2020-12-14,North West,29.4826798241219,73.2065664765561
2020-12-14,South East,163.205345385958,42.2565141984092
2020-12-14,South West,2.0142501685233,7.80689495952721
2020-12-15,East of England,164.434307252054,72.3418573255483
2020-12-15,London,220.130622030679,59.8346796412307
2020-12-15,Midlands,14.3119245322668,32.9239285144012
2020-12-15,North East and Yorkshire,6.69063839747416,29.8469281317841
2020-12-15,North West,4.98543441306642,10.6588986027629
2020-12-15,South East,172.267466390826,39.9531578802465
2020-12-15,South West,5.01624030506937,21.0473640311644
2020-12-16,East of England,115.18438559819,33.3902425480401
2020-12-16,London,231.975761147602,54.18278041686
2020-12-16,Midlands,29.1919882273151,72.2278643816688
2020-12-16,North East and Yorkshire,4.21655509982966,21.7833045022824
2020-12-16,North West,2.17995971983061,11.0119543716862
2020-12-16,South East,157.211582369129,37.2462801241548
2020-12-16,South West,24.4231063459367,19.9004170014971
2020-12-17,East of England,228.588690206093,67.8232512048033
2020-12-17,London,186.214748078736,55.4737382686009
2020-12-17,Midlands,44.0507044807672,63.0144090625852
2020-12-17,North East and Yorkshire,1.70603746484022,23.2476820750206
2020-12-17,North West,16.8136588705595,42.8329559190474
2020-12-17,South East,237.567853482427,68.0779160400343
2020-12-17,South West,31.0649809008703,52.064108772868
2020-12-18,East of England,207.448822609021,44.7981872340801
2020-12-18,London,309.396052856391,80.3516277309438
2020-12-18,Midlands,19.3812849540196,55.4500393201944
2020-12-18,North East and Yorkshire,4.14360601601512,59.2381038976874
2020-12-18,North West,5.72153362817583,32.6091528206097
2020-12-18,South East,237.323711518631,64.8683386259253
2020-12-18,South West,28.4189088321548,41.878838612605
2020-12-19,East of England,74.9580211339768,23.2202295410629
2020-12-19,London,115.056468189972,31.9118327492743
2020-12-19,Midlands,43.0370615685233,71.1076380930234
2020-12-19,North East and Yorkshire,0,14.0706395766614
2020-12-19,North West,23.0445251097264,73.9596477360943
2020-12-19,South East,130.175444562227,29.474680728693
2020-12-19,South West,13.1229290368595,21.7877433094893
2020-12-20,East of England,55.091671100536,4.18784264596403
2020-12-20,London,92.4013133920682,10.6530293601603
2020-12-20,Midlands,17.5400351635577,37.9670175798869
2020-12-20,North East and Yorkshire,39.1792077423319,87.0348437991535
2020-12-20,North West,31.8790853652761,103.112656228406
2020-12-20,South East,67.067045767059,9.54709773959796
2020-12-20,South West,47.6208947691745,11.3242367139638
2020-12-21,East of England,143.608736382949,24.5948900633339
2020-12-21,London,81.3234658160912,17.1430815271355
2020-12-21,Midlands,44.2832830083786,80.89040668902
2020-12-21,North East and Yorkshire,2.98387510418302,28.3368425087486
2020-12-21,North West,61.8348094972342,129.314403084264
2020-12-21,South East,94.9594596397771,31.279312077489
2020-12-21,South West,19.4652876777988,38.6421133308019
2020-12-22,East of England,76.8028009577887,20.8868831126309
2020-12-22,London,43.5698739054907,4.44574591250425
2020-12-22,Midlands,15.151290269818,15.540067183443
2020-12-22,North East and Yorkshire,13.2241035767873,31.817319203795
2020-12-22,North West,0,5.2866199195469
2020-12-22,South East,35.7545336651261,8.24001581146127
2020-12-23,East of England,24.6228380010338,8.55537916314095
2020-12-23,London,51.4730193156449,8.34085866093454
2020-12-23,Midlands,1.04363531833439,9.20185789220507
2020-12-23,North East and Yorkshire,17.0888897255383,12.6299903504394
2020-12-23,South East,31.8315600629007,6.15951681282476
2020-12-23,South West,1.28730689567174,0
2020-12-24,East of England,49.1308619816604,7.50470127215489
2020-12-24,London,67.999335346132,7.85678868858012
2020-12-24,Midlands,48.78668224803,29.4077572207051
2020-12-24,North East and Yorkshire,11.4925934940069,15.4647765972762
2020-12-24,South East,80.9457952840588,12.3172162342294
2020-12-24,South West,8.15468986726894,1.17868276181413
2020-12-25,East of England,43.4846890376644,13.3546863845473
2020-12-25,London,112.854471207314,13.2553081331742
2020-12-25,Midlands,19.9623707901665,16.0378941952151
2020-12-25,North East and Yorkshire,0,3.13906006665156
2020-12-25,South East,4.45417186642832,0
2020-12-25,South West,0,1.47336626760779
2020-12-26,East of England,112.20042787784,38.2682942192605
2020-12-26,London,355.701291994906,52.0600000660276
2020-12-26,Midlands,43.1631017236317,46.7400111021112
2020-12-26,North East and Yorkshire,24.0567741880798,45.4503925849281
2020-12-26,North West,4.72831347664984,8.64473175580519
2020-12-26,South East,153.701474686225,25.4069513462798
2020-12-26,South West,1.12316068875109,1.28730689567174
2020-12-27,East of England,55.9409237265646,3.8258152493753
2020-12-27,London,86.098116461751,9.62546622581633
2020-12-27,Midlands,113.695482692795,71.7918410237866
2020-12-27,North East and Yorkshire,18.6965111092692,27.9404406103612
2020-12-27,North West,75.1998460732564,70.6555563767882
2020-12-27,South East,54.1648725049236,5.96581009874177
2020-12-27,South West,32.1724990870455,17.7934485497943
2020-12-28,East of England,96.2469169734632,15.1428076433342
2020-12-28,London,104.870993370172,12.7082501765623
2020-12-28,Midlands,23.0108447938818,9.60795525232654
2020-12-28,North East and Yorkshire,0.252315597132114,0.475166708414919
2020-12-28,North West,44.1256243768279,46.9891707903152
2020-12-28,South East,73.088619899464,11.4329382004454
2020-12-28,South West,0.892522620063685,0
2020-12-29,East of England,182.984061278078,19.9689350158959
2020-12-29,London,365.848342504753,30.6547231733876
2020-12-29,Midlands,96.4849384742788,45.2482128947429
2020-12-29,North East and Yorkshire,87.5299363501912,83.6474479693627
2020-12-29,North West,19.0923229902107,19.6380465777551
2020-12-29,South East,190.182412635633,29.7265105664578
2020-12-29,South West,4.72840212677841,1.99345121490788
2020-12-30,East of England,46.9097586125223,2.15497161043089
2020-12-30,London,156.800084585988,18.7256931268403
2020-12-30,Midlands,14.1806279501036,6.25692858664662
2020-12-30,North East and Yorkshire,23.0469348857171,35.6616332097238
2020-12-30,North West,39.9672913558991,23.3192014516816
2020-12-30,South East,85.0823981208659,5.57592844028309
2020-12-30,South West,11.6311236706178,14.0894547687592
2020-12-31,East of England,41.338390316116,3.80826501167337
2020-12-31,London,335.08414781853,16.9002412223318
2020-12-31,Midlands,19.6359711715134,13.1804317408975
2020-12-31,North East and Yorkshire,11.5033021125627,14.2291991226067
2020-12-31,North West,6.29087916676599,5.62501687601471
2020-12-31,South East,128.55239230003,10.7689453181315
2020-12-31,South West,27.6252253942123,18.359169617086
2021-01-01,East of England,85.0375651454144,10.3122235272968
2021-01-01,London,116.469959226824,5.99210692281129
2021-01-01,Midlands,55.038147977043,27.2742323569405
2021-01-01,North East and Yorkshire,2.34531003215738,2.34531003215738
2021-01-01,North West,15.9185551796216,8.46522860954267
2021-01-01,South East,73.6779647616318,17.8032411359991
2021-01-01,South West,3.75359877084332,3.75359877084332
2021-01-02,East of England,199.731994601243,9.70529551177441
2021-01-02,London,535.733375598005,37.7075506318556
2021-01-02,Midlands,121.471763473605,37.6763699718512
2021-01-02,North East and Yorkshire,8.09066795575044,7.72357328365307
2021-01-02,North West,48.1568606288079,41.7745827530932
2021-01-02,South East,425.714913540587,32.4339746634847
2021-01-02,South West,41.4141353729158,22.6459091874397
2021-01-03,East of England,143.525318000237,16.8243400270901
2021-01-03,London,317.160450738981,34.5212075575158
2021-01-03,Midlands,146.684391013808,51.2728640322968
2021-01-03,North East and Yorkshire,44.1498695940004,23.8809269523484
2021-01-03,North West,117.523127674882,103.3170796999
2021-01-03,South East,132.947133227142,7.46882240352779
2021-01-03,South West,86.1373973007047,30.4319977979838
2021-01-04,East of England,149.323739124241,19.8086442062466
2021-01-04,London,78.8990544040369,4.19104614132185
2021-01-04,Midlands,214.583280803595,70.2772713010371
2021-01-04,North East and Yorkshire,57.760502032993,32.3496606021616
2021-01-04,North West,86.1464841254213,55.9771900582552
2021-01-04,South East,91.8671727563756,9.98620478625174
2021-01-04,South West,33.700977228734,1.53504149083571
2021-01-05,East of England,31.4391341041809,0
2021-01-05,London,64.6999461731193,7.14744333317855
2021-01-05,Midlands,227.981830004308,62.5951480877737
2021-01-05,North East and Yorkshire,93.115125325654,62.8708124024679
2021-01-05,North West,64.1684431151648,30.8983923987619
2021-01-05,South East,91.2628666458325,3.7247452938787
2021-01-05,South West,44.2251350505572,24.2991357608659
2021-01-06,East of England,10.8324767671504,0
2021-01-06,London,42.8155109689884,1.68830686842683
2021-01-06,Midlands,67.5880745177894,14.2308635922522
2021-01-06,North East and Yorkshire,15.009388075962,8.16422581140896
2021-01-06,North West,60.206164966533,37.3539863886906
2021-01-06,South East,58.4414550710745,7.32686570813927
2021-01-06,South West,26.0338359813042,3.43979696686443
2021-01-07,East of England,134.968433384464,6.87937780091611
2021-01-07,London,158.825717507635,14.4434535631928
2021-01-07,Midlands,98.9924068090122,25.7334247716881
2021-01-07,North East and Yorkshire,42.3493672192589,13.068324313061
2021-01-07,North West,1.34637437649329,0
2021-01-07,South East,204.808581535756,16.10791390646
2021-01-07,South West,15.9927714204909,9.15068510626526
2021-01-08,East of England,82.9014660199092,12.5009670060509
2021-01-08,London,127.47405153093,8.31040113270712
2021-01-08,Midlands,181.835249479195,92.4958486294282
2021-01-08,North East and Yorkshire,18.6071866556797,6.30617396173162
2021-01-08,North West,32.1261409324599,15.3111875641111
2021-01-08,South East,232.979790168506,13.0084481175775
2021-01-08,South West,110.487408320651,15.2303419755428
2021-01-09,East of England,203.309504539269,12.4645463767376
2021-01-09,London,295.299123689985,9.67956095085357
2021-01-09,Midlands,81.2497157110936,13.5507880083966
2021-01-09,North East and Yorkshire,109.29925537811,40.7583904630539
2021-01-09,North West,247.543630055187,102.520914774108
2021-01-09,South East,244.042106099547,15.1975050656085
2021-01-09,South West,11.3869632725817,5.10792260116464
2021-01-10,East of England,103.171020108568,4.68229437971734
2021-01-10,London,107.973585256433,1.27952640346844
2021-01-10,Midlands,218.596997510428,37.6437007416639
2021-01-10,North East and Yorkshire,24.6973075026583,10.6558786572488
2021-01-10,North West,182.12126918809,71.282382734534
2021-01-10,South East,77.0921334415247,16.9210569926213
2021-01-10,South West,19.1739801045493,1.51349041790786
2021-01-11,East of England,149.225348295392,16.9431402779627
2021-01-11,London,181.310041487918,9.77620604233756
2021-01-11,Midlands,279.712635668301,53.863808207433
2021-01-11,North East and Yorkshire,28.2679113208021,10.3131277073572
2021-01-11,North West,255.231682551092,67.6964222731912
2021-01-11,South East,139.487755131467,3.79959915336769
2021-01-11,South West,71.7610655595597,11.1731608955339
2021-01-12,East of England,161.449121115936,24.618824867695
2021-01-12,London,148.129109568208,4.3934393507254
2021-01-12,Midlands,277.100914777001,62.920889502623
2021-01-12,North East and Yorkshire,108.128768983868,57.7882325397931
2021-01-12,North West,273.963700170671,101.441190088277
2021-01-12,South East,255.334371277718,24.3148388727789
2021-01-12,South West,166.032706405583,34.8272037343699
2021-01-13,East of England,8.05734465071556,1.03848919782796
2021-01-13,London,29.3269893975438,3.15064484950952
2021-01-13,Midlands,62.6230066839018,12.889271596736
2021-01-13,North East and Yorkshire,92.7365637269141,53.4455559157153
2021-01-13,North West,281.926525228193,69.2485873356949
2021-01-13,South East,33.1895180890939,1.83290071367667
2021-01-13,South West,126.92619823753,38.3333561865207
2021-01-14,East of England,88.5143402699103,5.03385389861997
2021-01-14,London,193.701068434839,0.726393529570213
2021-01-14,Midlands,128.339403115841,20.3342437829183
2021-01-14,North East and Yorkshire,129.969922952608,45.4619213171263
2021-01-14,North West,329.846410057453,91.0919320731758
2021-01-14,South East,107.667226707389,6.84034951485409
2021-01-14,South West,42.7999251125611,11.5708963152498
2021-01-15,East of England,159.041752124043,12.0899030719486
2021-01-15,London,141.997058860822,11.3006851194308
2021-01-15,Midlands,109.111717456245,25.0569549739792
2021-01-15,North East and Yorkshire,142.778040508459,46.8342097785309
2021-01-15,North West,249.200889554622,70.9706761599796
2021-01-15,South East,77.5746210310074,0
2021-01-15,South West,139.734481837618,28.9570608868813
2021-01-16,East of England,102.40697770017,6.54413680121064
2021-01-16,London,201.611451383801,6.59095107493404
2021-01-16,Midlands,47.198180758163,14.7823081593954
2021-01-16,North East and Yorkshire,62.7005527199808,26.799788345861
2021-01-16,North West,100.531879273762,28.4023043034509
2021-01-16,South East,70.7270125936335,6.70499167174745
2021-01-16,South West,57.4354788452121,13.7424997925474
2021-01-17,East of England,140.206313774985,0.807684241862467
2021-01-17,London,149.666908539863,9.07791600766734
2021-01-17,Midlands,100.961976139987,11.1473687755317
2021-01-17,North East and Yorkshire,66.5660685299832,23.62725856034
2021-01-17,North West,251.016907827125,52.078371078233
2021-01-17,South East,112.894249908068,6.56442821686712
2021-01-17,South West,32.2024802393141,5.55962737926404
2021-01-18,East of England,215.537038431463,17.4956156542632
2021-01-18,London,213.297852845657,5.89698670100469
2021-01-18,Midlands,154.883216151295,21.7577348260442
2021-01-18,North East and Yorkshire,32.1781116544174,17.8743426433682
2021-01-18,North West,125.258911786188,25.5603636961222
2021-01-18,South East,108.520132009602,3.51033926007225
2021-01-18,South West,56.4151083595496,2.49628225809026
2021-01-19,East of England,108.555194543096,4.58192689351542
2021-01-19,London,287.999877805672,12.7903997648442
2021-01-19,Midlands,174.894713963792,26.0687060154318
2021-01-19,North East and Yorkshire,39.6240993199571,1.30770273840399
2021-01-19,North West,133.347765401603,21.0467736931038
2021-01-19,South East,105.437412529826,4.01877194781585
2021-01-19,South West,13.5821714046921,1.72414429346026
2021-01-20,East of England,157.658250326475,12.0950854170905
2021-01-20,London,118.440898854519,5.32976392596084
2021-01-20,Midlands,161.683384132845,18.2935305203015
2021-01-20,North East and Yorkshire,59.1679085953667,11.1911791237358
2021-01-20,North West,43.5706209108518,11.7378642451129
2021-01-20,South East,108.09033817568,3.22532049000793
2021-01-20,South West,23.4541622782275,2.48614216865182
2021-01-21,East of England,99.4091215427748,11.2914491847122
2021-01-21,London,134.51257760657,4.34881304521036
2021-01-21,Midlands,250.817945502517,26.0430077762609
2021-01-21,North East and Yorkshire,142.862845548595,28.8908060503165
2021-01-21,North West,27.2593505891283,7.0116407975886
2021-01-21,South East,69.8607329256888,3.74346643298981
2021-01-21,South West,7.98981045790967,0
2021-01-22,East of England,112.282828245913,5.22232419467687
2021-01-22,London,195.70806605861,5.32805674242512
2021-01-22,Midlands,404.319028283388,41.3525333040673
2021-01-22,North East and Yorkshire,117.449442933024,20.0223144264975
2021-01-22,North West,156.639882194803,20.9198915813282
2021-01-22,South East,267.04782917907,18.4081514483474
2021-01-22,South West,42.3658455922843,3.04941372422275
